db date,db time,local date,local time,cpm
2023-12-31,01:32:06,2023-12-31,08:32:06,0.239
2023-12-31,02:17:10,2023-12-31,09:17:10,0.287
2023-12-31,02:37:24,2023-12-31,09:37:24,0.284
2023-12-31,02:47:56,2023-12-31,09:47:56,0.278
2023-12-31,02:58:17,2023-12-31,09:58:17,0.271
2023-12-31,03:19:03,2023-12-31,10:19:03,0.265
2023-12-31,03:29:21,2023-12-31,10:29:21,0.261
2023-12-31,03:39:37,2023-12-31,10:39:37,0.259
2023-12-31,03:50:16,2023-12-31,10:50:16,0.252
2023-12-31,04:06:47,2023-12-31,11:06:47,0.245
2023-12-31,04:26:22,2023-12-31,11:26:22,0.246
2023-12-31,04:37:02,2023-12-31,11:37:02,0.246
2023-12-31,04:47:41,2023-12-31,11:47:41,0.238
2023-12-31,04:58:06,2023-12-31,11:58:06,0.234
2023-12-31,05:17:42,2023-12-31,12:17:42,0.237
2023-12-31,05:28:52,2023-12-31,12:28:52,0.233
2023-12-31,05:39:28,2023-12-31,12:39:28,0.233
2023-12-31,05:49:56,2023-12-31,12:49:56,0.229
2023-12-31,06:00:32,2023-12-31,13:00:32,0.228
2023-12-31,06:23:20,2023-12-31,13:23:20,0.23
2023-12-31,06:33:55,2023-12-31,13:33:55,0.229
2023-12-31,06:44:13,2023-12-31,13:44:13,0.227
2023-12-31,06:54:42,2023-12-31,13:54:42,0.225
2023-12-31,07:11:12,2023-12-31,14:11:12,0.222
2023-12-31,07:21:36,2023-12-31,14:21:36,0.222
2023-12-31,07:32:03,2023-12-31,14:32:03,0.225
2023-12-31,07:42:43,2023-12-31,14:42:43,0.227
2023-12-31,07:53:07,2023-12-31,14:53:07,0.226
2023-12-31,08:11:58,2023-12-31,15:11:58,0.228
2023-12-31,08:27:14,2023-12-31,15:27:14,0.229
2023-12-31,08:37:50,2023-12-31,15:37:50,0.23
2023-12-31,08:48:28,2023-12-31,15:48:28,0.229
2023-12-31,08:58:50,2023-12-31,15:58:50,0.231
2023-12-31,09:16:56,2023-12-31,16:16:56,0.235
2023-12-31,09:27:24,2023-12-31,16:27:24,0.236
2023-12-31,09:38:08,2023-12-31,16:38:08,0.238
2023-12-31,09:48:45,2023-12-31,16:48:45,0.241
2023-12-31,09:59:07,2023-12-31,16:59:07,0.242
2023-12-31,10:19:44,2023-12-31,17:19:44,0.243
2023-12-31,10:30:36,2023-12-31,17:30:36,0.243
2023-12-31,10:41:15,2023-12-31,17:41:15,0.244
2023-12-31,10:51:37,2023-12-31,17:51:37,0.244
2023-12-31,11:06:14,2023-12-31,18:06:14,0.245
2023-12-31,11:17:33,2023-12-31,18:17:33,0.245
2023-12-31,11:28:16,2023-12-31,18:28:16,0.245
2023-12-31,11:38:33,2023-12-31,18:38:33,0.244
2023-12-31,11:49:14,2023-12-31,18:49:14,0.244
2023-12-31,11:59:47,2023-12-31,18:59:47,0.244
2023-12-31,12:33:35,2023-12-31,19:33:35,0.242
2023-12-31,12:52:24,2023-12-31,19:52:24,0.242
2023-12-31,13:09:03,2023-12-31,20:09:03,0.242
2023-12-31,13:23:11,2023-12-31,20:23:11,0.242
2023-12-31,13:33:46,2023-12-31,20:33:46,0.242
2023-12-31,13:44:02,2023-12-31,20:44:02,0.242
2023-12-31,13:54:26,2023-12-31,20:54:26,0.243
2023-12-31,14:10:27,2023-12-31,21:10:27,0.242
2023-12-31,14:25:18,2023-12-31,21:25:18,0.242
2023-12-31,14:35:33,2023-12-31,21:35:33,0.242
2023-12-31,14:46:04,2023-12-31,21:46:04,0.242
2023-12-31,14:56:23,2023-12-31,21:56:23,0.242
2023-12-31,15:14:32,2023-12-31,22:14:32,0.242
2023-12-31,15:24:59,2023-12-31,22:24:59,0.242
2023-12-31,15:35:33,2023-12-31,22:35:33,0.243
2023-12-31,15:46:08,2023-12-31,22:46:08,0.243
2023-12-31,15:56:24,2023-12-31,22:56:24,0.244
2023-12-31,16:19:16,2023-12-31,23:19:16,0.245
2023-12-31,16:33:04,2023-12-31,23:33:04,0.245
2023-12-31,16:43:20,2023-12-31,23:43:20,0.246
2023-12-31,16:53:57,2023-12-31,23:53:57,0.246
2024-01-01,01:35:35,2024-01-01,08:35:35,0.313
2024-01-01,02:22:17,2024-01-01,09:22:17,0.281
2024-01-01,02:43:38,2024-01-01,09:43:38,0.271
2024-01-01,02:54:12,2024-01-01,09:54:12,0.266
2024-01-01,03:13:19,2024-01-01,10:13:19,0.302
2024-01-01,03:26:35,2024-01-01,10:26:35,0.287
2024-01-01,03:37:11,2024-01-01,10:37:11,0.278
2024-01-01,03:47:46,2024-01-01,10:47:46,0.271
2024-01-01,03:58:10,2024-01-01,10:58:10,0.268
2024-01-01,04:22:57,2024-01-01,11:22:57,0.275
2024-01-01,04:35:11,2024-01-01,11:35:11,0.27
2024-01-01,04:45:40,2024-01-01,11:45:40,0.27
2024-01-01,04:55:56,2024-01-01,11:55:56,0.269
2024-01-01,05:15:37,2024-01-01,12:15:37,0.266
2024-01-01,05:29:55,2024-01-01,12:29:55,0.266
2024-01-01,05:40:33,2024-01-01,12:40:33,0.266
2024-01-01,05:50:46,2024-01-01,12:50:46,0.266
2024-01-01,06:09:32,2024-01-01,13:09:32,0.265
2024-01-01,06:29:40,2024-01-01,13:29:40,0.261
2024-01-01,06:41:10,2024-01-01,13:41:10,0.262
2024-01-01,06:51:29,2024-01-01,13:51:29,0.259
2024-01-01,07:07:24,2024-01-01,14:07:24,0.256
2024-01-01,07:21:19,2024-01-01,14:21:19,0.253
2024-01-01,07:32:09,2024-01-01,14:32:09,0.252
2024-01-01,07:42:23,2024-01-01,14:42:23,0.25
2024-01-01,07:52:40,2024-01-01,14:52:40,0.247
2024-01-01,08:12:44,2024-01-01,15:12:44,0.248
2024-01-01,08:29:28,2024-01-01,15:29:28,0.257
2024-01-01,08:40:03,2024-01-01,15:40:03,0.253
2024-01-01,08:50:45,2024-01-01,15:50:45,0.251
2024-01-01,09:07:10,2024-01-01,16:07:10,0.251
2024-01-01,09:22:26,2024-01-01,16:22:26,0.251
2024-01-01,09:33:30,2024-01-01,16:33:30,0.253
2024-01-01,09:44:09,2024-01-01,16:44:09,0.251
2024-01-01,09:54:40,2024-01-01,16:54:40,0.252
2024-01-01,10:14:05,2024-01-01,17:14:05,0.252
2024-01-01,10:30:58,2024-01-01,17:30:58,0.253
2024-01-01,10:41:21,2024-01-01,17:41:21,0.253
2024-01-01,10:52:02,2024-01-01,17:52:02,0.252
2024-01-01,11:07:17,2024-01-01,18:07:17,0.252
2024-01-01,11:19:18,2024-01-01,18:19:18,0.253
2024-01-01,11:29:53,2024-01-01,18:29:53,0.255
2024-01-01,11:40:30,2024-01-01,18:40:30,0.255
2024-01-01,11:50:52,2024-01-01,18:50:52,0.255
2024-01-01,12:11:33,2024-01-01,19:11:33,0.257
2024-01-01,12:41:56,2024-01-01,19:41:56,0.256
2024-01-01,12:58:05,2024-01-01,19:58:05,0.257
2024-01-01,13:21:15,2024-01-01,20:21:15,0.258
2024-01-01,13:31:51,2024-01-01,20:31:51,0.257
2024-01-01,13:42:09,2024-01-01,20:42:09,0.257
2024-01-01,13:52:28,2024-01-01,20:52:28,0.257
2024-01-01,14:08:33,2024-01-01,21:08:33,0.257
2024-01-01,14:25:58,2024-01-01,21:25:58,0.258
2024-01-01,14:36:30,2024-01-01,21:36:30,0.265
2024-01-01,14:46:59,2024-01-01,21:46:59,0.264
2024-01-01,14:57:27,2024-01-01,21:57:27,0.263
2024-01-01,15:17:26,2024-01-01,22:17:26,0.263
2024-01-01,15:27:48,2024-01-01,22:27:48,0.264
2024-01-01,15:38:29,2024-01-01,22:38:29,0.263
2024-01-01,15:49:02,2024-01-01,22:49:02,0.265
2024-01-01,15:59:30,2024-01-01,22:59:30,0.264
2024-01-01,16:24:02,2024-01-01,23:24:02,0.266
2024-01-01,16:37:11,2024-01-01,23:37:11,0.265
2024-01-01,16:48:00,2024-01-01,23:48:00,0.263
2024-01-01,16:58:24,2024-01-01,23:58:24,0.261
2024-01-02,01:22:18,2024-01-02,08:22:18,0.267
2024-01-02,02:07:40,2024-01-02,09:07:40,0.241
2024-01-02,02:33:31,2024-01-02,09:33:31,0.242
2024-01-02,02:44:06,2024-01-02,09:44:06,0.242
2024-01-02,02:54:29,2024-01-02,09:54:29,0.247
2024-01-02,03:13:06,2024-01-02,10:13:06,0.33
2024-01-02,03:25:40,2024-01-02,10:25:40,0.322
2024-01-02,03:36:40,2024-01-02,10:36:40,0.301
2024-01-02,03:47:08,2024-01-02,10:47:08,0.289
2024-01-02,03:57:24,2024-01-02,10:57:24,0.281
2024-01-02,04:21:00,2024-01-02,11:21:00,0.299
2024-01-02,04:33:06,2024-01-02,11:33:06,0.301
2024-01-02,04:43:35,2024-01-02,11:43:35,0.297
2024-01-02,04:54:04,2024-01-02,11:54:04,0.317
2024-01-02,05:12:01,2024-01-02,12:12:01,0.312
2024-01-02,05:27:45,2024-01-02,12:27:45,0.309
2024-01-02,05:38:15,2024-01-02,12:38:15,0.306
2024-01-02,05:48:41,2024-01-02,12:48:41,0.299
2024-01-02,05:59:13,2024-01-02,12:59:13,0.297
2024-01-02,06:24:34,2024-01-02,13:24:34,0.289
2024-01-02,06:36:24,2024-01-02,13:36:24,0.288
2024-01-02,06:47:02,2024-01-02,13:47:02,0.284
2024-01-02,06:57:41,2024-01-02,13:57:41,0.275
2024-01-02,07:16:22,2024-01-02,14:16:22,0.266
2024-01-02,07:26:37,2024-01-02,14:26:37,0.261
2024-01-02,07:37:11,2024-01-02,14:37:11,0.256
2024-01-02,07:47:43,2024-01-02,14:47:43,0.257
2024-01-02,07:57:58,2024-01-02,14:57:58,0.26
2024-01-02,08:23:11,2024-01-02,15:23:11,0.256
2024-01-02,08:34:48,2024-01-02,15:34:48,0.253
2024-01-02,08:45:04,2024-01-02,15:45:04,0.25
2024-01-02,08:55:31,2024-01-02,15:55:31,0.246
2024-01-02,09:14:01,2024-01-02,16:14:01,0.244
2024-01-02,09:24:52,2024-01-02,16:24:52,0.243
2024-01-02,09:35:52,2024-01-02,16:35:52,0.242
2024-01-02,09:46:19,2024-01-02,16:46:19,0.242
2024-01-02,09:56:55,2024-01-02,16:56:55,0.24
2024-01-02,10:17:45,2024-01-02,17:17:45,0.24
2024-01-02,10:32:05,2024-01-02,17:32:05,0.241
2024-01-02,10:42:38,2024-01-02,17:42:38,0.239
2024-01-02,10:53:12,2024-01-02,17:53:12,0.238
2024-01-02,11:08:47,2024-01-02,18:08:47,0.24
2024-01-02,11:20:09,2024-01-02,18:20:09,0.24
2024-01-02,11:30:36,2024-01-02,18:30:36,0.241
2024-01-02,11:41:13,2024-01-02,18:41:13,0.241
2024-01-02,11:51:30,2024-01-02,18:51:30,0.241
2024-01-02,12:13:19,2024-01-02,19:13:19,0.243
2024-01-02,12:42:56,2024-01-02,19:42:56,0.244
2024-01-02,12:59:01,2024-01-02,19:59:01,0.244
2024-01-02,13:21:54,2024-01-02,20:21:54,0.245
2024-01-02,13:32:32,2024-01-02,20:32:32,0.245
2024-01-02,13:42:55,2024-01-02,20:42:55,0.246
2024-01-02,13:53:27,2024-01-02,20:53:27,0.244
2024-01-02,14:10:14,2024-01-02,21:10:14,0.245
2024-01-02,14:26:49,2024-01-02,21:26:49,0.245
2024-01-02,14:37:20,2024-01-02,21:37:20,0.243
2024-01-02,14:47:52,2024-01-02,21:47:52,0.242
2024-01-02,14:58:23,2024-01-02,21:58:23,0.24
2024-01-02,15:19:13,2024-01-02,22:19:13,0.24
2024-01-02,15:29:46,2024-01-02,22:29:46,0.24
2024-01-02,15:40:01,2024-01-02,22:40:01,0.238
2024-01-02,15:50:22,2024-01-02,22:50:22,0.236
2024-01-02,16:05:59,2024-01-02,23:05:59,0.237
2024-01-02,16:27:31,2024-01-02,23:27:31,0.244
2024-01-02,16:39:59,2024-01-02,23:39:59,0.245
2024-01-02,16:50:14,2024-01-02,23:50:14,0.244
2024-01-03,00:40:46,2024-01-03,07:40:46,0.301
2024-01-03,01:41:20,2024-01-03,08:41:20,0.31
2024-01-03,02:16:50,2024-01-03,09:16:50,0.293
2024-01-03,02:35:39,2024-01-03,09:35:39,0.288
2024-01-03,02:46:05,2024-01-03,09:46:05,0.267
2024-01-03,02:56:48,2024-01-03,09:56:48,0.252
2024-01-03,03:18:08,2024-01-03,10:18:08,0.276
2024-01-03,03:28:31,2024-01-03,10:28:31,0.268
2024-01-03,03:38:47,2024-01-03,10:38:47,0.256
2024-01-03,03:49:13,2024-01-03,10:49:13,0.25
2024-01-03,03:59:39,2024-01-03,10:59:39,0.243
2024-01-03,04:23:12,2024-01-03,11:23:12,0.269
2024-01-03,04:34:49,2024-01-03,11:34:49,0.263
2024-01-03,04:45:07,2024-01-03,11:45:07,0.267
2024-01-03,04:55:23,2024-01-03,11:55:23,0.27
2024-01-03,05:13:18,2024-01-03,12:13:18,0.269
2024-01-03,05:28:35,2024-01-03,12:28:35,0.268
2024-01-03,05:39:01,2024-01-03,12:39:01,0.291
2024-01-03,05:49:37,2024-01-03,12:49:37,0.293
2024-01-03,05:59:55,2024-01-03,12:59:55,0.299
2024-01-03,06:25:05,2024-01-03,13:25:05,0.3
2024-01-03,06:37:01,2024-01-03,13:37:01,0.298
2024-01-03,06:47:43,2024-01-03,13:47:43,0.293
2024-01-03,06:58:09,2024-01-03,13:58:09,0.287
2024-01-03,07:18:12,2024-01-03,14:18:12,0.282
2024-01-03,07:28:39,2024-01-03,14:28:39,0.278
2024-01-03,07:39:11,2024-01-03,14:39:11,0.283
2024-01-03,07:49:34,2024-01-03,14:49:34,0.302
2024-01-03,07:59:59,2024-01-03,14:59:59,0.297
2024-01-03,08:24:21,2024-01-03,15:24:21,0.302
2024-01-03,08:36:04,2024-01-03,15:36:04,0.297
2024-01-03,08:46:34,2024-01-03,15:46:34,0.294
2024-01-03,08:57:03,2024-01-03,15:57:03,0.294
2024-01-03,09:17:40,2024-01-03,16:17:40,0.296
2024-01-03,09:28:03,2024-01-03,16:28:03,0.295
2024-01-03,09:38:28,2024-01-03,16:38:28,0.294
2024-01-03,09:48:45,2024-01-03,16:48:45,0.291
2024-01-03,09:59:28,2024-01-03,16:59:28,0.289
2024-01-03,10:21:48,2024-01-03,17:21:48,0.291
2024-01-03,10:34:21,2024-01-03,17:34:21,0.298
2024-01-03,10:44:54,2024-01-03,17:44:54,0.296
2024-01-03,10:55:23,2024-01-03,17:55:23,0.295
2024-01-03,11:11:58,2024-01-03,18:11:58,0.297
2024-01-03,11:22:27,2024-01-03,18:22:27,0.296
2024-01-03,11:33:13,2024-01-03,18:33:13,0.297
2024-01-03,11:43:37,2024-01-03,18:43:37,0.297
2024-01-03,11:54:18,2024-01-03,18:54:18,0.297
2024-01-03,12:22:59,2024-01-03,19:22:59,0.296
2024-01-03,12:47:45,2024-01-03,19:47:45,0.296
2024-01-03,13:01:25,2024-01-03,20:01:25,0.294
2024-01-03,13:23:01,2024-01-03,20:23:01,0.292
2024-01-03,13:33:53,2024-01-03,20:33:53,0.292
2024-01-03,13:44:25,2024-01-03,20:44:25,0.29
2024-01-03,13:54:52,2024-01-03,20:54:52,0.292
2024-01-03,14:11:59,2024-01-03,21:11:59,0.288
2024-01-03,14:28:11,2024-01-03,21:28:11,0.292
2024-01-03,14:38:47,2024-01-03,21:38:47,0.29
2024-01-03,14:49:37,2024-01-03,21:49:37,0.288
2024-01-03,15:00:04,2024-01-03,22:00:04,0.287
2024-01-03,15:19:34,2024-01-03,22:19:34,0.285
2024-01-03,15:29:55,2024-01-03,22:29:55,0.287
2024-01-03,15:40:19,2024-01-03,22:40:19,0.287
2024-01-03,15:50:33,2024-01-03,22:50:33,0.285
2024-01-03,16:07:24,2024-01-03,23:07:24,0.287
2024-01-03,16:28:33,2024-01-03,23:28:33,0.286
2024-01-03,16:41:12,2024-01-03,23:41:12,0.283
2024-01-03,16:51:27,2024-01-03,23:51:27,0.281
2024-01-04,00:38:08,2024-01-04,07:38:08,0.308
2024-01-04,01:40:49,2024-01-04,08:40:49,0.235
2024-01-04,02:17:09,2024-01-04,09:17:09,0.223
2024-01-04,02:37:07,2024-01-04,09:37:07,0.215
2024-01-04,02:47:18,2024-01-04,09:47:18,0.21
2024-01-04,02:57:32,2024-01-04,09:57:32,0.241
2024-01-04,03:18:58,2024-01-04,10:18:58,0.225
2024-01-04,03:29:19,2024-01-04,10:29:19,0.22
2024-01-04,03:39:45,2024-01-04,10:39:45,0.21
2024-01-04,03:50:23,2024-01-04,10:50:23,0.204
2024-01-04,04:07:22,2024-01-04,11:07:22,0.199
2024-01-04,04:27:33,2024-01-04,11:27:33,0.188
2024-01-04,04:38:31,2024-01-04,11:38:31,0.183
2024-01-04,04:48:53,2024-01-04,11:48:53,0.179
2024-01-04,04:59:17,2024-01-04,11:59:17,0.175
2024-01-04,05:19:37,2024-01-04,12:19:37,0.166
2024-01-04,05:30:08,2024-01-04,12:30:08,0.163
2024-01-04,05:40:29,2024-01-04,12:40:29,0.16
2024-01-04,05:50:47,2024-01-04,12:50:47,0.157
2024-01-04,06:08:53,2024-01-04,13:08:53,0.153
2024-01-04,06:29:04,2024-01-04,13:29:04,0.171
2024-01-04,06:40:06,2024-01-04,13:40:06,0.169
2024-01-04,06:50:27,2024-01-04,13:50:27,0.172
2024-01-04,07:03:51,2024-01-04,14:03:51,0.172
2024-01-04,07:18:58,2024-01-04,14:18:58,0.172
2024-01-04,07:29:13,2024-01-04,14:29:13,0.175
2024-01-04,07:39:29,2024-01-04,14:39:29,0.183
2024-01-04,07:49:59,2024-01-04,14:49:59,0.184
2024-01-04,08:00:33,2024-01-04,15:00:33,0.204
2024-01-04,08:24:00,2024-01-04,15:24:00,0.203
2024-01-04,08:35:41,2024-01-04,15:35:41,0.208
2024-01-04,08:46:03,2024-01-04,15:46:03,0.205
2024-01-04,08:56:21,2024-01-04,15:56:21,0.202
2024-01-04,09:15:29,2024-01-04,16:15:29,0.209
2024-01-04,09:26:23,2024-01-04,16:26:23,0.207
2024-01-04,09:37:04,2024-01-04,16:37:04,0.204
2024-01-04,09:47:18,2024-01-04,16:47:18,0.202
2024-01-04,09:57:36,2024-01-04,16:57:36,0.207
2024-01-04,10:19:21,2024-01-04,17:19:21,0.207
2024-01-04,10:33:42,2024-01-04,17:33:42,0.207
2024-01-04,10:44:10,2024-01-04,17:44:10,0.207
2024-01-04,10:54:39,2024-01-04,17:54:39,0.213
2024-01-04,11:11:00,2024-01-04,18:11:00,0.214
2024-01-04,11:21:24,2024-01-04,18:21:24,0.213
2024-01-04,11:32:07,2024-01-04,18:32:07,0.213
2024-01-04,11:42:39,2024-01-04,18:42:39,0.214
2024-01-04,11:53:15,2024-01-04,18:53:15,0.215
2024-01-04,12:18:51,2024-01-04,19:18:51,0.216
2024-01-04,12:45:14,2024-01-04,19:45:14,0.22
2024-01-04,13:00:10,2024-01-04,20:00:10,0.221
2024-01-04,13:26:15,2024-01-04,20:26:15,0.221
2024-01-04,13:37:09,2024-01-04,20:37:09,0.222
2024-01-04,13:47:35,2024-01-04,20:47:35,0.224
2024-01-04,13:58:03,2024-01-04,20:58:03,0.225
2024-01-04,14:17:46,2024-01-04,21:17:46,0.225
2024-01-04,14:30:11,2024-01-04,21:30:11,0.225
2024-01-04,14:40:36,2024-01-04,21:40:36,0.225
2024-01-04,14:50:57,2024-01-04,21:50:57,0.224
2024-01-04,15:06:47,2024-01-04,22:06:47,0.224
2024-01-04,15:25:07,2024-01-04,22:25:07,0.224
2024-01-04,15:35:50,2024-01-04,22:35:50,0.223
2024-01-04,15:46:26,2024-01-04,22:46:26,0.223
2024-01-04,15:56:56,2024-01-04,22:56:56,0.223
2024-01-04,16:21:51,2024-01-04,23:21:51,0.234
2024-01-04,16:38:11,2024-01-04,23:38:11,0.225
2024-01-04,16:48:37,2024-01-04,23:48:37,0.22
2024-01-04,16:58:53,2024-01-04,23:58:53,0.231
2024-01-05,01:09:44,2024-01-05,08:09:44,0.324
2024-01-05,02:03:55,2024-01-05,09:03:55,0.25
2024-01-05,02:32:19,2024-01-05,09:32:19,0.332
2024-01-05,02:43:29,2024-01-05,09:43:29,0.321
2024-01-05,02:53:56,2024-01-05,09:53:56,0.304
2024-01-05,03:12:23,2024-01-05,10:12:23,0.282
2024-01-05,03:25:12,2024-01-05,10:25:12,0.277
2024-01-05,03:36:14,2024-01-05,10:36:14,0.269
2024-01-05,03:46:43,2024-01-05,10:46:43,0.261
2024-01-05,03:57:03,2024-01-05,10:57:03,0.254
2024-01-05,04:20:46,2024-01-05,11:20:46,0.251
2024-01-05,04:33:23,2024-01-05,11:33:23,0.247
2024-01-05,04:43:44,2024-01-05,11:43:44,0.247
2024-01-05,04:54:19,2024-01-05,11:54:19,0.247
2024-01-05,05:11:56,2024-01-05,12:11:56,0.244
2024-01-05,05:27:49,2024-01-05,12:27:49,0.243
2024-01-05,05:38:31,2024-01-05,12:38:31,0.257
2024-01-05,05:48:50,2024-01-05,12:48:50,0.254
2024-01-05,05:59:19,2024-01-05,12:59:19,0.25
2024-01-05,06:24:51,2024-01-05,13:24:51,0.249
2024-01-05,06:37:08,2024-01-05,13:37:08,0.248
2024-01-05,06:47:35,2024-01-05,13:47:35,0.257
2024-01-05,06:58:01,2024-01-05,13:58:01,0.255
2024-01-05,07:16:56,2024-01-05,14:16:56,0.256
2024-01-05,07:27:33,2024-01-05,14:27:33,0.254
2024-01-05,07:38:07,2024-01-05,14:38:07,0.254
2024-01-05,07:48:34,2024-01-05,14:48:34,0.252
2024-01-05,07:59:02,2024-01-05,14:59:02,0.25
2024-01-05,08:23:53,2024-01-05,15:23:53,0.252
2024-01-05,08:35:42,2024-01-05,15:35:42,0.254
2024-01-05,08:46:21,2024-01-05,15:46:21,0.252
2024-01-05,08:56:37,2024-01-05,15:56:37,0.251
2024-01-05,09:15:55,2024-01-05,16:15:55,0.251
2024-01-05,09:26:24,2024-01-05,16:26:24,0.258
2024-01-05,09:36:51,2024-01-05,16:36:51,0.256
2024-01-05,09:47:16,2024-01-05,16:47:16,0.255
2024-01-05,09:57:47,2024-01-05,16:57:47,0.257
2024-01-05,10:20:01,2024-01-05,17:20:01,0.257
2024-01-05,10:33:08,2024-01-05,17:33:08,0.257
2024-01-05,10:43:30,2024-01-05,17:43:30,0.259
2024-01-05,10:53:47,2024-01-05,17:53:47,0.261
2024-01-05,11:09:59,2024-01-05,18:09:59,0.263
2024-01-05,11:20:54,2024-01-05,18:20:54,0.264
2024-01-05,11:31:28,2024-01-05,18:31:28,0.264
2024-01-05,11:41:49,2024-01-05,18:41:49,0.265
2024-01-05,11:52:17,2024-01-05,18:52:17,0.265
2024-01-05,12:16:00,2024-01-05,19:16:00,0.276
2024-01-05,12:44:11,2024-01-05,19:44:11,0.275
2024-01-05,13:00:11,2024-01-05,20:00:11,0.274
2024-01-05,13:22:25,2024-01-05,20:22:25,0.272
2024-01-05,13:33:02,2024-01-05,20:33:02,0.269
2024-01-05,13:43:30,2024-01-05,20:43:30,0.269
2024-01-05,13:53:49,2024-01-05,20:53:49,0.269
2024-01-05,14:10:40,2024-01-05,21:10:40,0.267
2024-01-05,14:27:22,2024-01-05,21:27:22,0.265
2024-01-05,14:37:59,2024-01-05,21:37:59,0.262
2024-01-05,14:48:12,2024-01-05,21:48:12,0.259
2024-01-05,14:58:46,2024-01-05,21:58:46,0.26
2024-01-05,15:19:06,2024-01-05,22:19:06,0.262
2024-01-05,15:29:18,2024-01-05,22:29:18,0.262
2024-01-05,15:39:43,2024-01-05,22:39:43,0.26
2024-01-05,15:50:12,2024-01-05,22:50:12,0.257
2024-01-05,16:05:29,2024-01-05,23:05:29,0.261
2024-01-05,16:27:23,2024-01-05,23:27:23,0.256
2024-01-05,16:40:54,2024-01-05,23:40:54,0.251
2024-01-05,16:51:33,2024-01-05,23:51:33,0.252
2024-01-06,00:51:16,2024-01-06,07:51:16,0.168
2024-01-06,01:44:38,2024-01-06,08:44:38,0.178
2024-01-06,02:17:13,2024-01-06,09:17:13,0.204
2024-01-06,02:35:53,2024-01-06,09:35:53,0.198
2024-01-06,02:46:26,2024-01-06,09:46:26,0.198
2024-01-06,02:56:51,2024-01-06,09:56:51,0.193
2024-01-06,03:16:57,2024-01-06,10:16:57,0.218
2024-01-06,03:27:18,2024-01-06,10:27:18,0.22
2024-01-06,03:37:46,2024-01-06,10:37:46,0.22
2024-01-06,03:48:23,2024-01-06,10:48:23,0.215
2024-01-06,03:58:39,2024-01-06,10:58:39,0.231
2024-01-06,04:22:32,2024-01-06,11:22:32,0.229
2024-01-06,04:34:31,2024-01-06,11:34:31,0.228
2024-01-06,04:44:58,2024-01-06,11:44:58,0.226
2024-01-06,04:55:24,2024-01-06,11:55:24,0.312
2024-01-06,05:12:53,2024-01-06,12:12:53,0.308
2024-01-06,05:27:16,2024-01-06,12:27:16,0.302
2024-01-06,05:37:40,2024-01-06,12:37:40,0.298
2024-01-06,05:48:08,2024-01-06,12:48:08,0.303
2024-01-06,05:58:37,2024-01-06,12:58:37,0.294
2024-01-06,06:23:23,2024-01-06,13:23:23,0.285
2024-01-06,06:34:59,2024-01-06,13:34:59,0.278
2024-01-06,06:45:25,2024-01-06,13:45:25,0.272
2024-01-06,06:55:55,2024-01-06,13:55:55,0.262
2024-01-06,07:12:54,2024-01-06,14:12:54,0.255
2024-01-06,07:23:07,2024-01-06,14:23:07,0.252
2024-01-06,07:34:06,2024-01-06,14:34:06,0.249
2024-01-06,07:44:24,2024-01-06,14:44:24,0.248
2024-01-06,07:54:40,2024-01-06,14:54:40,0.243
2024-01-06,08:15:07,2024-01-06,15:15:07,0.239
2024-01-06,08:29:08,2024-01-06,15:29:08,0.24
2024-01-06,08:39:38,2024-01-06,15:39:38,0.239
2024-01-06,08:50:08,2024-01-06,15:50:08,0.235
2024-01-06,09:00:53,2024-01-06,16:00:53,0.232
2024-01-06,09:17:43,2024-01-06,16:17:43,0.233
2024-01-06,09:28:04,2024-01-06,16:28:04,0.233
2024-01-06,09:38:34,2024-01-06,16:38:34,0.232
2024-01-06,09:49:08,2024-01-06,16:49:08,0.237
2024-01-06,09:59:36,2024-01-06,16:59:36,0.236
2024-01-06,10:20:53,2024-01-06,17:20:53,0.237
2024-01-06,10:32:18,2024-01-06,17:32:18,0.237
2024-01-06,10:42:46,2024-01-06,17:42:46,0.239
2024-01-06,10:53:07,2024-01-06,17:53:07,0.239
2024-01-06,11:07:58,2024-01-06,18:07:58,0.239
2024-01-06,11:18:45,2024-01-06,18:18:45,0.239
2024-01-06,11:29:18,2024-01-06,18:29:18,0.24
2024-01-06,11:39:54,2024-01-06,18:39:54,0.24
2024-01-06,11:50:10,2024-01-06,18:50:10,0.241
2024-01-06,12:08:37,2024-01-06,19:08:37,0.242
2024-01-06,12:39:21,2024-01-06,19:39:21,0.241
2024-01-06,12:57:00,2024-01-06,19:57:00,0.241
2024-01-06,13:18:12,2024-01-06,20:18:12,0.24
2024-01-06,13:28:25,2024-01-06,20:28:25,0.24
2024-01-06,13:38:56,2024-01-06,20:38:56,0.24
2024-01-06,13:49:26,2024-01-06,20:49:26,0.24
2024-01-06,13:59:40,2024-01-06,20:59:40,0.24
2024-01-06,14:18:06,2024-01-06,21:18:06,0.24
2024-01-06,14:28:41,2024-01-06,21:28:41,0.24
2024-01-06,14:39:17,2024-01-06,21:39:17,0.24
2024-01-06,14:49:41,2024-01-06,21:49:41,0.24
2024-01-06,15:00:21,2024-01-06,22:00:21,0.24
2024-01-06,15:18:22,2024-01-06,22:18:22,0.239
2024-01-06,15:29:06,2024-01-06,22:29:06,0.238
2024-01-06,15:39:37,2024-01-06,22:39:37,0.238
2024-01-06,15:49:50,2024-01-06,22:49:50,0.238
2024-01-06,16:00:15,2024-01-06,23:00:15,0.237
2024-01-06,16:24:01,2024-01-06,23:24:01,0.239
2024-01-06,16:37:56,2024-01-06,23:37:56,0.239
2024-01-06,16:48:09,2024-01-06,23:48:09,0.24
2024-01-06,16:58:42,2024-01-06,23:58:42,0.238
2024-01-07,01:35:06,2024-01-07,08:35:06,0.314
2024-01-07,02:20:51,2024-01-07,09:20:51,0.243
2024-01-07,02:41:44,2024-01-07,09:41:44,0.225
2024-01-07,02:52:17,2024-01-07,09:52:17,0.221
2024-01-07,03:09:27,2024-01-07,10:09:27,0.237
2024-01-07,03:24:17,2024-01-07,10:24:17,0.276
2024-01-07,03:35:21,2024-01-07,10:35:21,0.268
2024-01-07,03:45:40,2024-01-07,10:45:40,0.258
2024-01-07,03:56:13,2024-01-07,10:56:13,0.248
2024-01-07,04:18:44,2024-01-07,11:18:44,0.249
2024-01-07,04:31:39,2024-01-07,11:31:39,0.247
2024-01-07,04:41:58,2024-01-07,11:41:58,0.242
2024-01-07,04:52:17,2024-01-07,11:52:17,0.239
2024-01-07,05:08:35,2024-01-07,12:08:35,0.266
2024-01-07,05:26:30,2024-01-07,12:26:30,0.261
2024-01-07,05:36:57,2024-01-07,12:36:57,0.256
2024-01-07,05:47:26,2024-01-07,12:47:26,0.249
2024-01-07,05:57:51,2024-01-07,12:57:51,0.244
2024-01-07,06:23:04,2024-01-07,13:23:04,0.238
2024-01-07,06:34:53,2024-01-07,13:34:53,0.236
2024-01-07,06:45:20,2024-01-07,13:45:20,0.23
2024-01-07,06:55:36,2024-01-07,13:55:36,0.227
2024-01-07,07:12:33,2024-01-07,14:12:33,0.225
2024-01-07,07:23:18,2024-01-07,14:23:18,0.223
2024-01-07,07:34:10,2024-01-07,14:34:10,0.222
2024-01-07,07:44:26,2024-01-07,14:44:26,0.217
2024-01-07,07:54:40,2024-01-07,14:54:40,0.212
2024-01-07,08:15:20,2024-01-07,15:15:20,0.214
2024-01-07,08:29:07,2024-01-07,15:29:07,0.219
2024-01-07,08:39:47,2024-01-07,15:39:47,0.219
2024-01-07,08:50:10,2024-01-07,15:50:10,0.216
2024-01-07,09:01:19,2024-01-07,16:01:19,0.214
2024-01-07,09:18:11,2024-01-07,16:18:11,0.217
2024-01-07,09:28:49,2024-01-07,16:28:49,0.217
2024-01-07,09:39:23,2024-01-07,16:39:23,0.217
2024-01-07,09:49:54,2024-01-07,16:49:54,0.217
2024-01-07,10:00:03,2024-01-07,17:00:03,0.216
2024-01-07,10:21:31,2024-01-07,17:21:31,0.217
2024-01-07,10:33:20,2024-01-07,17:33:20,0.217
2024-01-07,10:43:46,2024-01-07,17:43:46,0.217
2024-01-07,10:53:59,2024-01-07,17:53:59,0.218
2024-01-07,11:09:46,2024-01-07,18:09:46,0.219
2024-01-07,11:20:07,2024-01-07,18:20:07,0.219
2024-01-07,11:30:30,2024-01-07,18:30:30,0.221
2024-01-07,11:41:03,2024-01-07,18:41:03,0.221
2024-01-07,11:51:31,2024-01-07,18:51:31,0.222
2024-01-07,12:12:32,2024-01-07,19:12:32,0.223
2024-01-07,12:41:36,2024-01-07,19:41:36,0.223
2024-01-07,12:57:31,2024-01-07,19:57:31,0.228
2024-01-07,13:19:19,2024-01-07,20:19:19,0.228
2024-01-07,13:29:50,2024-01-07,20:29:50,0.228
2024-01-07,13:40:21,2024-01-07,20:40:21,0.228
2024-01-07,13:50:54,2024-01-07,20:50:54,0.228
2024-01-07,14:04:27,2024-01-07,21:04:27,0.229
2024-01-07,14:22:18,2024-01-07,21:22:18,0.229
2024-01-07,14:33:06,2024-01-07,21:33:06,0.23
2024-01-07,14:43:27,2024-01-07,21:43:27,0.228
2024-01-07,14:53:54,2024-01-07,21:53:54,0.225
2024-01-07,15:11:04,2024-01-07,22:11:04,0.223
2024-01-07,15:23:58,2024-01-07,22:23:58,0.222
2024-01-07,15:35:14,2024-01-07,22:35:14,0.225
2024-01-07,15:45:48,2024-01-07,22:45:48,0.222
2024-01-07,15:56:20,2024-01-07,22:56:20,0.219
2024-01-07,16:19:00,2024-01-07,23:19:00,0.214
2024-01-07,16:34:20,2024-01-07,23:34:20,0.21
2024-01-07,16:44:38,2024-01-07,23:44:38,0.208
2024-01-07,16:55:11,2024-01-07,23:55:11,0.207
2024-01-08,00:50:12,2024-01-08,07:50:12,0.278
2024-01-08,01:47:10,2024-01-08,08:47:10,0.203
2024-01-08,02:20:55,2024-01-08,09:20:55,0.193
2024-01-08,02:40:16,2024-01-08,09:40:16,0.191
2024-01-08,02:50:31,2024-01-08,09:50:31,0.187
2024-01-08,03:06:49,2024-01-08,10:06:49,0.19
2024-01-08,03:23:23,2024-01-08,10:23:23,0.196
2024-01-08,03:34:37,2024-01-08,10:34:37,0.193
2024-01-08,03:45:00,2024-01-08,10:45:00,0.191
2024-01-08,03:55:19,2024-01-08,10:55:19,0.185
2024-01-08,04:17:50,2024-01-08,11:17:50,0.18
2024-01-08,04:32:06,2024-01-08,11:32:06,0.237
2024-01-08,04:42:37,2024-01-08,11:42:37,0.233
2024-01-08,04:52:52,2024-01-08,11:52:52,0.229
2024-01-08,05:10:20,2024-01-08,12:10:20,0.227
2024-01-08,05:27:29,2024-01-08,12:27:29,0.224
2024-01-08,05:38:01,2024-01-08,12:38:01,0.218
2024-01-08,05:48:30,2024-01-08,12:48:30,0.214
2024-01-08,05:58:47,2024-01-08,12:58:47,0.213
2024-01-08,06:25:35,2024-01-08,13:25:35,0.212
2024-01-08,06:38:29,2024-01-08,13:38:29,0.225
2024-01-08,06:48:58,2024-01-08,13:48:58,0.22
2024-01-08,06:59:18,2024-01-08,13:59:18,0.22
2024-01-08,07:17:49,2024-01-08,14:17:49,0.219
2024-01-08,07:28:18,2024-01-08,14:28:18,0.219
2024-01-08,07:38:58,2024-01-08,14:38:58,0.216
2024-01-08,07:49:21,2024-01-08,14:49:21,0.224
2024-01-08,07:59:42,2024-01-08,14:59:42,0.222
2024-01-08,08:25:32,2024-01-08,15:25:32,0.244
2024-01-08,08:37:56,2024-01-08,15:37:56,0.242
2024-01-08,08:48:45,2024-01-08,15:48:45,0.241
2024-01-08,08:59:18,2024-01-08,15:59:18,0.238
2024-01-08,09:19:52,2024-01-08,16:19:52,0.233
2024-01-08,09:30:10,2024-01-08,16:30:10,0.231
2024-01-08,09:40:33,2024-01-08,16:40:33,0.229
2024-01-08,09:50:52,2024-01-08,16:50:52,0.228
2024-01-08,10:07:43,2024-01-08,17:07:43,0.227
2024-01-08,10:29:55,2024-01-08,17:29:55,0.228
2024-01-08,10:40:35,2024-01-08,17:40:35,0.226
2024-01-08,10:51:15,2024-01-08,17:51:15,0.225
2024-01-08,11:06:46,2024-01-08,18:06:46,0.224
2024-01-08,11:20:10,2024-01-08,18:20:10,0.223
2024-01-08,11:30:46,2024-01-08,18:30:46,0.227
2024-01-08,11:41:12,2024-01-08,18:41:12,0.229
2024-01-08,11:51:52,2024-01-08,18:51:52,0.232
2024-01-08,12:15:04,2024-01-08,19:15:04,0.235
2024-01-08,12:45:11,2024-01-08,19:45:11,0.238
2024-01-08,13:01:09,2024-01-08,20:01:09,0.237
2024-01-08,13:24:15,2024-01-08,20:24:15,0.236
2024-01-08,13:34:54,2024-01-08,20:34:54,0.238
2024-01-08,13:45:21,2024-01-08,20:45:21,0.237
2024-01-08,13:55:39,2024-01-08,20:55:39,0.237
2024-01-08,14:13:52,2024-01-08,21:13:52,0.236
2024-01-08,14:29:36,2024-01-08,21:29:36,0.24
2024-01-08,14:39:54,2024-01-08,21:39:54,0.242
2024-01-08,14:50:13,2024-01-08,21:50:13,0.241
2024-01-08,15:01:38,2024-01-08,22:01:38,0.239
2024-01-08,15:21:13,2024-01-08,22:21:13,0.237
2024-01-08,15:32:04,2024-01-08,22:32:04,0.234
2024-01-08,15:42:34,2024-01-08,22:42:34,0.232
2024-01-08,15:52:56,2024-01-08,22:52:56,0.231
2024-01-08,16:12:46,2024-01-08,23:12:46,0.23
2024-01-08,16:32:39,2024-01-08,23:32:39,0.235
2024-01-08,16:44:16,2024-01-08,23:44:16,0.231
2024-01-08,16:54:41,2024-01-08,23:54:41,0.229
2024-01-09,01:07:41,2024-01-09,08:07:41,0.187
2024-01-09,02:05:13,2024-01-09,09:05:13,0.166
2024-01-09,02:34:21,2024-01-09,09:34:21,0.17
2024-01-09,02:45:17,2024-01-09,09:45:17,0.176
2024-01-09,02:55:48,2024-01-09,09:55:48,0.175
2024-01-09,03:16:00,2024-01-09,10:16:00,0.183
2024-01-09,03:27:07,2024-01-09,10:27:07,0.197
2024-01-09,03:37:56,2024-01-09,10:37:56,0.193
2024-01-09,03:48:09,2024-01-09,10:48:09,0.187
2024-01-09,03:58:47,2024-01-09,10:58:47,0.185
2024-01-09,04:23:34,2024-01-09,11:23:34,0.179
2024-01-09,04:35:25,2024-01-09,11:35:25,0.174
2024-01-09,04:45:52,2024-01-09,11:45:52,0.178
2024-01-09,04:56:07,2024-01-09,11:56:07,0.173
2024-01-09,05:14:52,2024-01-09,12:14:52,0.2
2024-01-09,05:29:05,2024-01-09,12:29:05,0.2
2024-01-09,05:39:26,2024-01-09,12:39:26,0.196
2024-01-09,05:49:49,2024-01-09,12:49:49,0.197
2024-01-09,06:00:15,2024-01-09,13:00:15,0.197
2024-01-09,06:25:38,2024-01-09,13:25:38,0.191
2024-01-09,06:38:13,2024-01-09,13:38:13,0.193
2024-01-09,06:48:52,2024-01-09,13:48:52,0.189
2024-01-09,06:59:12,2024-01-09,13:59:12,0.19
2024-01-09,07:19:45,2024-01-09,14:19:45,0.201
2024-01-09,07:29:58,2024-01-09,14:29:58,0.198
2024-01-09,07:40:28,2024-01-09,14:40:28,0.195
2024-01-09,07:51:01,2024-01-09,14:51:01,0.197
2024-01-09,08:09:32,2024-01-09,15:09:32,0.192
2024-01-09,08:28:26,2024-01-09,15:28:26,0.188
2024-01-09,08:40:05,2024-01-09,15:40:05,0.187
2024-01-09,08:50:37,2024-01-09,15:50:37,0.183
2024-01-09,09:06:35,2024-01-09,16:06:35,0.182
2024-01-09,09:22:21,2024-01-09,16:22:21,0.183
2024-01-09,09:33:45,2024-01-09,16:33:45,0.182
2024-01-09,09:44:02,2024-01-09,16:44:02,0.181
2024-01-09,09:54:44,2024-01-09,16:54:44,0.181
2024-01-09,10:14:09,2024-01-09,17:14:09,0.183
2024-01-09,10:31:52,2024-01-09,17:31:52,0.186
2024-01-09,10:42:08,2024-01-09,17:42:08,0.186
2024-01-09,10:52:33,2024-01-09,17:52:33,0.185
2024-01-09,11:08:11,2024-01-09,18:08:11,0.187
2024-01-09,11:20:27,2024-01-09,18:20:27,0.188
2024-01-09,11:31:02,2024-01-09,18:31:02,0.188
2024-01-09,11:41:27,2024-01-09,18:41:27,0.189
2024-01-09,11:52:12,2024-01-09,18:52:12,0.188
2024-01-09,12:16:21,2024-01-09,19:16:21,0.205
2024-01-09,13:12:39,2024-01-09,20:12:39,0.205
2024-01-09,13:34:34,2024-01-09,20:34:34,0.207
2024-01-09,13:45:25,2024-01-09,20:45:25,0.207
2024-01-09,13:55:48,2024-01-09,20:55:48,0.206
2024-01-09,14:14:10,2024-01-09,21:14:10,0.206
2024-01-09,14:29:59,2024-01-09,21:29:59,0.207
2024-01-09,14:40:28,2024-01-09,21:40:28,0.205
2024-01-09,14:51:09,2024-01-09,21:51:09,0.205
2024-01-09,15:07:07,2024-01-09,22:07:07,0.206
2024-01-09,15:24:08,2024-01-09,22:24:08,0.213
2024-01-09,15:35:22,2024-01-09,22:35:22,0.217
2024-01-09,15:45:40,2024-01-09,22:45:40,0.219
2024-01-09,15:55:55,2024-01-09,22:55:55,0.222
2024-01-09,16:19:49,2024-01-09,23:19:49,0.244
2024-01-09,16:37:48,2024-01-09,23:37:48,0.245
2024-01-09,16:48:18,2024-01-09,23:48:18,0.247
2024-01-09,16:58:53,2024-01-09,23:58:53,0.248
2024-01-10,00:28:53,2024-01-10,07:28:53,0.287
2024-01-10,01:41:08,2024-01-10,08:41:08,0.259
2024-01-10,02:19:50,2024-01-10,09:19:50,0.274
2024-01-10,02:38:39,2024-01-10,09:38:39,0.268
2024-01-10,02:48:59,2024-01-10,09:48:59,0.263
2024-01-10,02:59:22,2024-01-10,09:59:22,0.256
2024-01-10,03:20:36,2024-01-10,10:20:36,0.255
2024-01-10,03:31:09,2024-01-10,10:31:09,0.253
2024-01-10,03:41:33,2024-01-10,10:41:33,0.253
2024-01-10,03:51:51,2024-01-10,10:51:51,0.247
2024-01-10,04:10:48,2024-01-10,11:10:48,0.245
2024-01-10,04:29:28,2024-01-10,11:29:28,0.296
2024-01-10,04:40:15,2024-01-10,11:40:15,0.298
2024-01-10,04:50:35,2024-01-10,11:50:35,0.289
2024-01-10,05:06:20,2024-01-10,12:06:20,0.285
2024-01-10,05:25:51,2024-01-10,12:25:51,0.28
2024-01-10,05:36:26,2024-01-10,12:36:26,0.28
2024-01-10,05:47:00,2024-01-10,12:47:00,0.276
2024-01-10,05:57:24,2024-01-10,12:57:24,0.273
2024-01-10,06:23:30,2024-01-10,13:23:30,0.28
2024-01-10,06:36:41,2024-01-10,13:36:41,0.276
2024-01-10,06:47:01,2024-01-10,13:47:01,0.304
2024-01-10,06:57:17,2024-01-10,13:57:17,0.3
2024-01-10,07:16:08,2024-01-10,14:16:08,0.299
2024-01-10,07:26:47,2024-01-10,14:26:47,0.301
2024-01-10,07:37:25,2024-01-10,14:37:25,0.297
2024-01-10,07:47:46,2024-01-10,14:47:46,0.295
2024-01-10,07:58:07,2024-01-10,14:58:07,0.297
2024-01-10,08:24:09,2024-01-10,15:24:09,0.293
2024-01-10,08:36:34,2024-01-10,15:36:34,0.29
2024-01-10,08:47:03,2024-01-10,15:47:03,0.288
2024-01-10,08:57:34,2024-01-10,15:57:34,0.286
2024-01-10,09:18:14,2024-01-10,16:18:14,0.285
2024-01-10,09:28:34,2024-01-10,16:28:34,0.282
2024-01-10,09:39:14,2024-01-10,16:39:14,0.281
2024-01-10,09:49:31,2024-01-10,16:49:31,0.277
2024-01-10,09:59:57,2024-01-10,16:59:57,0.274
2024-01-10,10:22:54,2024-01-10,17:22:54,0.274
2024-01-10,10:36:15,2024-01-10,17:36:15,0.274
2024-01-10,10:46:49,2024-01-10,17:46:49,0.274
2024-01-10,10:57:08,2024-01-10,17:57:08,0.275
2024-01-10,11:14:53,2024-01-10,18:14:53,0.274
2024-01-10,11:25:20,2024-01-10,18:25:20,0.273
2024-01-10,11:35:46,2024-01-10,18:35:46,0.273
2024-01-10,11:46:03,2024-01-10,18:46:03,0.273
2024-01-10,11:56:33,2024-01-10,18:56:33,0.272
2024-01-10,12:31:42,2024-01-10,19:31:42,0.269
2024-01-10,12:54:28,2024-01-10,19:54:28,0.268
2024-01-10,13:15:41,2024-01-10,20:15:41,0.267
2024-01-10,13:28:48,2024-01-10,20:28:48,0.267
2024-01-10,13:39:14,2024-01-10,20:39:14,0.267
2024-01-10,13:49:37,2024-01-10,20:49:37,0.266
2024-01-10,13:59:56,2024-01-10,20:59:56,0.265
2024-01-10,14:20:27,2024-01-10,21:20:27,0.269
2024-01-10,14:32:13,2024-01-10,21:32:13,0.271
2024-01-10,14:42:37,2024-01-10,21:42:37,0.272
2024-01-10,14:53:10,2024-01-10,21:53:10,0.273
2024-01-10,15:10:52,2024-01-10,22:10:52,0.277
2024-01-10,15:24:57,2024-01-10,22:24:57,0.279
2024-01-10,15:35:27,2024-01-10,22:35:27,0.283
2024-01-10,15:45:48,2024-01-10,22:45:48,0.283
2024-01-10,15:56:03,2024-01-10,22:56:03,0.285
2024-01-10,16:20:35,2024-01-10,23:20:35,0.296
2024-01-10,16:36:45,2024-01-10,23:36:45,0.293
2024-01-10,16:47:17,2024-01-10,23:47:17,0.289
2024-01-10,16:57:31,2024-01-10,23:57:31,0.287
